cest;ncm;descricao;mva;mva_distribuidor;pmpf;aliquota_interna;origem
0400100;;"Charutos, cigarrilhas e cigarros, de tabaco ou dos seus sucedâneos [Port. 16-R/2019 seg. I item 1; NCM 2402]";50;;;17;
0400200;;"Tabaco para fumar, mesmo contendo sucedâneos de tabaco em qualquer proporção [Port. 16-R/2019 seg. I item 2; NCM 2403.1]";50;;;17;
0300100;;"Água mineral, gasosa ou não, ou potável, naturais, em garrafa de vidro, retornável ou não, com capacidade de até 500 ml [Port. 16-R/2019 seg. II item 1; NCM 2201.10.00]";250;170;;17;
0300200;;"Água mineral, gasosa ou não, ou potável, naturais, em embalagem com capacidade igual ou superior a 5.000 ml [Port. 16-R/2019 seg. II item 2; NCM 2201.10.00]";100;70;;17;
0300300;;"Água mineral, gasosa ou não, ou potável, naturais, em embalagem de vidro, não retornável, com capacidade de até 300 ml [Port. 16-R/2019 seg. II item 3; NCM 2201.10.00]";140;100;;17;
0300400;;"Água mineral, gasosa ou não, ou potável, naturais, em garrafa plástica de 1.500 ml [Port. 16-R/2019 seg. II item 4; NCM 2201.10.00]";120;70;;17;
0300500;;"Água mineral, gasosa ou não, ou potável, naturais, em copos plásticos e embalagem plástica com capacidade de até 500 ml [Port. 16-R/2019 seg. II item 5; NCM 2201.10.00]";140;100;;17;
0300600;;"Outras águas minerais, potáveis ou naturais, gasosas ou não, inclusive gaseificadas [Port. 16-R/2019 seg. II item 6; NCM 2201.90.00]";140;70;;17;
0300800;;"Outras águas minerais, potáveis ou naturais, gasosas ou não, inclusive gaseificadas ou aromatizadas artificialmente [Port. 16-R/2019 seg. II item 7; NCM 2202.90.00]";140;70;;17;
0301000;;"Refrigerante em garrafa com capacidade igual ou superior a 600 ml [Port. 16-R/2019 seg. II item 8; NCM 2202]";140;40;;17;
0301100;;"Demais refrigerantes [Port. 16-R/2019 seg. II item 10; NCM 2202]";140;40;;17;
0301200;;"Xarope ou extrato concentrado destinados ao preparo de refrigerante em máquina ""pré-mix"" ou ""post-mix"" [Port. 16-R/2019 seg. II item 11; NCM 2106.90.10]";140;40;;17;
0301300;;"Bebidas energéticas em embalagem com capacidade inferior a 600 ml [Port. 16-R/2019 seg. II item 12; NCM 2202.90.00]";140;40;;17;
0301400;;"Bebidas energéticas em embalagem com capacidade igual ou superior a 600 ml [Port. 16-R/2019 seg. II item 13; NCM 2202.90.00]";140;40;;17;
0301500;;"Bebidas hidroeletrolíticas (isotônicas) em embalagem com capacidade inferior a 600 ml [Port. 16-R/2019 seg. II item 14; NCM 2106.90.90]";140;40;;17;
0301600;;"Bebidas hidroeletrolíticas (isotônicas) em embalagem com capacidade igual ou superior a 600ml [Port. 16-R/2019 seg. II item 15; NCM 2106.90.90]";140;40;;17;
0302100;;"Cerveja [Port. 16-R/2019 seg. II item 16; NCM 2203.00.00]";76;35;;17;
0302200;;"Cerveja sem álcool [Port. 16-R/2019 seg. II item 17; NCM 2202.90.00]";76;35;;17;
0302300;;"Chope [Port. 16-R/2019 seg. II item 18; NCM 2203.00.00]";140;115;;17;
0200100;;"Aperitivos, amargos, bitter e similares [Port. 16-R/2019 seg. III item 1; NCM 2205 2208.90.00]";123,87;;;17;
0200200;;"Batida e similares [Port. 16-R/2019 seg. III item 2; NCM 2208.90.00]";123,87;;;17;
0200300;;"Bebida ice [Port. 16-R/2019 seg. III item 3; NCM 2208.90.00]";123,87;;;17;
0200400;;"Cachaça e aguardentes [Port. 16-R/2019 seg. III item 4; NCM 2207.20 2208.40.00]";65,93;;;17;
0200500;;"Catuaba e similares [Port. 16-R/2019 seg. III item 5; NCM 2205 2206.00.90 2208.90.00]";123,87;;;17;
0200600;;"Conhaque, brandy e similares [Port. 16-R/2019 seg. III item 6; NCM 2208.20.00]";123,87;;;17;
0200700;;"Cooler [Port. 16-R/2019 seg. III item 7; NCM 2206.00.90 2208.90.00]";123,87;;;17;
0200800;;"Gim (gin) e genebra [Port. 16-R/2019 seg. III item 8; NCM 2208.50.00]";123,87;;;17;
0200900;;"Jurubeba e similares [Port. 16-R/2019 seg. III item 9; NCM 2205 2206.00.90 2208.90.00]";123,87;;;17;
0201000;;"Licores e similares [Port. 16-R/2019 seg. III item 10; NCM 2208.70.00]";123,87;;;17;
0201100;;"Pisco [Port. 16-R/2019 seg. III item 11; NCM 2208.20.00]";123,87;;;17;
0201200;;"Rum [Port. 16-R/2019 seg. III item 12; NCM 2208.40.00]";123,87;;;17;
0201300;;"Saque [Port. 16-R/2019 seg. III item 13; NCM 2206.00.90]";123,87;;;17;
0201400;;"Steinhaeger [Port. 16-R/2019 seg. III item 14; NCM 2208.90.00]";123,87;;;17;
0201500;;"Tequila [Port. 16-R/2019 seg. III item 15; NCM 2208.90.00]";123,87;;;17;
0201600;;"Uísque [Port. 16-R/2019 seg. III item 16; NCM 2208.30]";123,87;;;17;
0201700;;"Vermute e similares [Port. 16-R/2019 seg. III item 17; NCM 2205]";123,87;;;17;
0201800;;"Vodka [Port. 16-R/2019 seg. III item 18; NCM 2208.60.00]";123,87;;;17;
0201900;;"Derivados de vodka [Port. 16-R/2019 seg. III item 19; NCM 2208.90.00]";123,87;;;17;
0202000;;"Arak [Port. 16-R/2019 seg. III item 20; NCM 2208.90.00]";123,87;;;17;
0202100;;"Aguardente vínica / grappa [Port. 16-R/2019 seg. III item 21; NCM 2208.20.00]";123,87;;;17;
0202200;;"Sidra e similares [Port. 16-R/2019 seg. III item 22; NCM 2206.00.10]";123,87;;;17;
0202300;;"Sangrias e coquetéis [Port. 16-R/2019 seg. III item 23; NCM 2205 2206.00.90 2208.90.00]";123,87;;;17;
0202500;;"Outras bebidas alcoólicas não especificadas nos itens anteriores [Port. 16-R/2019 seg. III item 24; NCM 2205, 2206, 2207, 2208]";123,87;;;17;
0202400;;"Vinhos de uvas frescas, incluindo os vinhos enriquecidos com álcool; mostos de uvas [Port. 16-R/2019 seg. III item 25; NCM 2204]";43,03;;;17;
0500100;;"Cimento de qualquer espécie, exceto o branco [Port. 16-R/2019 seg. IV item 1; NCM 2523]";20;;;17;
1709600;;"Café torrado e moído, em embalagens de conteúdo inferior ou igual a 2 kg [Port. 16-R/2019 seg. V item 1; NCM 0901]";29;26;;17;
1709601;;"Café torrado e moído, em embalagens de conteúdo superior a 2 kg [Port. 16-R/2019 seg. V item 2; NCM 0901]";29;26;;17;
1705300;;"Biscoitos e bolachas derivados de farinha de trigo (exceto cream cracker, água e sal, maisena, maria e outros de consumo popular)... [Port. 16-R/2019 seg. VI item 1; NCM 1905.31]";37;35;;17;
1705500;;"Biscoitos e bolachas cream cracker, água e sal, maisena e maria e outros de consumo popular, adicionados de edulcorantes... [Port. 16-R/2019 seg. VI item 2; NCM 1905.31]";37;35;;17;
1705600;;"Biscoitos e bolachas cream cracker, água e sal, maisena e maria e outros de consumo popular... [Port. 16-R/2019 seg. VI item 3; NCM 1905.90.20]";37;35;;17;
1705700;;"""Waffles"" e ""wafers"" - sem cobertura [Port. 16-R/2019 seg. VI item 4; NCM 1905.32]";37;35;;17;
1705800;;"""Waffles"" e ""wafers""- com cobertura [Port. 16-R/2019 seg. VI item 5; NCM 1905.32]";37;35;;17;
1706100;;"Outras bolachas, exceto casquinhas para sorvete [Port. 16-R/2019 seg. VI item 6; NCM 1905.90.20]";37;35;;17;
1705000;;"Pães industrializados, inclusive de especiarias, exceto panetones e bolo de forma [Port. 16-R/2019 seg. VI item 7; NCM 1905.20]";37;35;;17;
1705900;;"Torradas, pão torrado e produtos semelhantes torrados [Port. 16-R/2019 seg. VI item 8; NCM 1905.40]";37;35;;17;
1706000;;"Outros pães de forma [Port. 16-R/2019 seg. VI item 9; NCM 1905.90.10]";37;35;;17;
1706300;;"Pão denominado knackebrot [Port. 16-R/2019 seg. VI item 10; NCM 1905.10.00]";37;35;;17;
1706400;;"Demais pães industrializados [Port. 16-R/2019 seg. VI item 11; NCM 1905.90]";37;35;;17;
1704700;;"Massas alimentícias tipo instantânea [Port. 16-R/2019 seg. VI item 12; NCM 1902.30.00]";37;35;;17;
1704800;;"Massas alimentícias, cozidas ou recheadas ou preparadas de outro modo, exceto instantânea [Port. 16-R/2019 seg. VI item 13; NCM 1902]";37;35;;17;
1704900;;"Massas alimentícias não cozidas, nem recheadas, nem preparadas de outro modo [Port. 16-R/2019 seg. VI item 14; NCM 1902.1]";37;35;;17;
1706500;;"Óleo de soja refinado, em recipientes com capacidade inferior ou igual a 5 litros [Port. 16-R/2019 seg. VII item 1; NCM 1507.90.11]";28;25;;17;
1706600;;"Óleo de amendoim refinado, em recipientes com capacidade inferior ou igual a 5 litros [Port. 16-R/2019 seg. VII item 2; NCM 1508]";64;35;;17;
1706900;;"Óleo de girassol ou de algodão refinado, em recipientes com capacidade inferior ou igual a 5 litros [Port. 16-R/2019 seg. VII item 3; NCM 1512.19.11 1512.29.10]";64;35;;17;
1707000;;"Óleo de canola, em recipientes com capacidade inferior ou igual a 5 litros [Port. 16-R/2019 seg. VII item 4; NCM 1514.1]";64;35;;17;
1707100;;"Óleo de linhaça refinado, em recipientes com capacidade inferior ou igual a 5 litros [Port. 16-R/2019 seg. VII item 5; NCM 1515.19.00]";64;35;;17;
1707200;;"Óleo de milho refinado, em recipientes com capacidade inferior ou igual a 5 litros [Port. 16-R/2019 seg. VII item 6; NCM 1515.29.10]";64;35;;17;
1707300;;"Outros óleos refinados, em recipientes com capacidade inferior ou igual a 5 litros [Port. 16-R/2019 seg. VII item 7; NCM 1512.29.90]";64;35;;17;
1706800;;"Outros óleos obtidos exclusivamente a partir de azeitonas e misturas, em recipientes até 5 litros [Port. 16-R/2019 seg. VII item 8; NCM 1510.00.00]";64;35;;17;
1707400;;"Misturas de óleos refinados, para consumo humano, em recipientes até 5 litros [Port. 16-R/2019 seg. VII item 9; NCM 1517.90.10]";64;35;;17;
1707500;;"Outros óleos vegetais comestíveis não especificados anteriormente [Port. 16-R/2019 seg. VII item 10; NCM 1511, 1513, 1514, 1515, 1516, 1518]";64;35;;17;
1706700;;"Azeites de oliva até 2 litros (de fabricação nacional) [Port. 16-R/2019 seg. VII item 11; NCM 1509]";28;25;;17;nacional
1706700;;"Azeites de oliva até 2 litros (importados) [Port. 16-R/2019 seg. VII item 12; NCM 1509]";64;35;;17;importado
1706701;;"Azeites de oliva de 2 a 5 litros (de fabricação nacional) [Port. 16-R/2019 seg. VII item 13; NCM 1509]";28;25;;17;nacional
1706701;;"Azeites de oliva de 2 a 5 litros (importados) [Port. 16-R/2019 seg. VII item 14; NCM 1509]";64;35;;17;importado
1706702;;"Azeites de oliva acima de 5 litros (de fabricação nacional) [Port. 16-R/2019 seg. VII item 15; NCM 1509]";28;25;;17;nacional
1706702;;"Azeites de oliva acima de 5 litros (importados) [Port. 16-R/2019 seg. VII item 16; NCM 1509]";64;35;;17;importado
1709900;;"Açúcar refinado, até 2 kg [Port. 16-R/2019 seg. VIII item 1; NCM 1701.1 1701.99.00]";10;;;17;
1709901;;"Açúcar refinado, de 2 a 5 kg [Port. 16-R/2019 seg. VIII item 2; NCM 1701.1 1701.99.00]";10;;;17;
1709902;;"Açúcar refinado, acima de 5 kg [Port. 16-R/2019 seg. VIII item 3; NCM 1701.1 1701.99.00]";10;;;17;
1710000;;"Açúcar refinado com aromatizante ou corante, até 2 kg [Port. 16-R/2019 seg. VIII item 4; NCM 1701.91.00]";10;;;17;
1710001;;"Açúcar refinado com aromatizante ou corante, de 2 a 5 kg [Port. 16-R/2019 seg. VIII item 5; NCM 1701.91.00]";10;;;17;
1710002;;"Açúcar refinado com aromatizante ou corante, acima de 5 kg [Port. 16-R/2019 seg. VIII item 6; NCM 1701.91.00]";10;;;17;
1710100;;"Açúcar cristal, até 2 kg [Port. 16-R/2019 seg. VIII item 7; NCM 1701.1 1701.99.00]";15;;;17;
1710101;;"Açúcar cristal, de 2 a 5 kg [Port. 16-R/2019 seg. VIII item 8; NCM 1701.1 1701.99.00]";15;;;17;
1710102;;"Açúcar cristal, acima de 5 kg [Port. 16-R/2019 seg. VIII item 9; NCM 1701.1 1701.99.00]";15;;;17;
1710200;;"Açúcar cristal com aromatizante ou corante, até 2 kg [Port. 16-R/2019 seg. VIII item 10; NCM 1701.91.00]";15;;;17;
1710201;;"Açúcar cristal com aromatizante ou corante, de 2 a 5 kg [Port. 16-R/2019 seg. VIII item 11; NCM 1701.91.00]";15;;;17;
1710202;;"Açúcar cristal com aromatizante ou corante, acima de 5 kg [Port. 16-R/2019 seg. VIII item 12; NCM 1701.91.00]";15;;;17;
1710300;;"Outros tipos de açúcar, até 2 kg [Port. 16-R/2019 seg. VIII item 13; NCM 1701.1 1701.99.00]";20;;;17;
1710301;;"Outros tipos de açúcar, de 2 a 5 kg [Port. 16-R/2019 seg. VIII item 14; NCM 1701.1 1701.99.00]";20;;;17;
1710302;;"Outros tipos de açúcar, acima de 5 kg [Port. 16-R/2019 seg. VIII item 15; NCM 1701.1 1701.99.00]";20;;;17;
1710400;;"Outros tipos de açúcar com aromatizante ou corante, até 2 kg [Port. 16-R/2019 seg. VIII item 16; NCM 1701.91.00]";20;;;17;
1710401;;"Outros tipos de açúcar com aromatizante ou corante, de 2 a 5 kg [Port. 16-R/2019 seg. VIII item 17; NCM 1701.91.00]";20;;;17;
1710402;;"Outros tipos de açúcar com aromatizante ou corante, acima de 5 kg [Port. 16-R/2019 seg. VIII item 18; NCM 1701.91.00]";20;;;17;
2800100;;"Perfumes (extratos) [Port. 16-R/2019 seg. IX item 1; NCM 3303.00.10]";35;;;17;
2800200;;"Águas de Colônia [Port. 16-R/2019 seg. IX item 2; NCM 3303.00.20]";35;;;17;
2800300;;"Produtos de maquiagem para os lábios [Port. 16-R/2019 seg. IX item 3; NCM 3304.10.00]";35;;;17;
2800400;;"Sombra, delineador, lápis para sobrancelhas e rímel [Port. 16-R/2019 seg. IX item 4; NCM 3304.20.10]";35;;;17;
2800500;;"Outros produtos de maquiagem para os olhos [Port. 16-R/2019 seg. IX item 5; NCM 3304.20.90]";35;;;17;
2800600;;"Preparações para manicuros e pedicuros [Port. 16-R/2019 seg. IX item 6; NCM 3304.30.00]";35;;;17;
2800700;;"Pós para maquiagem, incluindo os compactos [Port. 16-R/2019 seg. IX item 7; NCM 3304.91.00]";35;;;17;
2800800;;"Cremes de beleza, cremes nutritivos e loções tônicas [Port. 16-R/2019 seg. IX item 8; NCM 3304.99.10]";35;;;17;
2800900;;"Outros produtos de beleza ou de maquiagem e preparações para cuidados da pele [Port. 16-R/2019 seg. IX item 9; NCM 3304.99.90]";35;;;17;
2801000;;"Preparações antisolares e os bronzeadores [Port. 16-R/2019 seg. IX item 10; NCM 3304.99.90]";35;;;17;
2801100;;"Xampus para o cabelo [Port. 16-R/2019 seg. IX item 11; NCM 3305.10.00]";35;;;17;
2801200;;"Preparações para ondulação ou alisamento, permanentes, dos cabelos [Port. 16-R/2019 seg. IX item 12; NCM 3305.20.00]";35;;;17;
2801300;;"Outras preparações capilares [Port. 16-R/2019 seg. IX item 13; NCM 3305.90.00]";35;;;17;
2801400;;"Tintura para o cabelo [Port. 16-R/2019 seg. IX item 14; NCM 3305.90.00]";35;;;17;
2801500;;"Preparações para barbear (antes, durante ou após) [Port. 16-R/2019 seg. IX item 15; NCM 3307.10.00]";35;;;17;
2801600;;"Desodorantes corporais e antiperspirantes, líquidos [Port. 16-R/2019 seg. IX item 16; NCM 3307.20.10]";35;;;17;
2801700;;"Outros desodorantes corporais e antiperspirantes [Port. 16-R/2019 seg. IX item 17; NCM 3307.20.90]";35;;;17;
2801800;;"Outros produtos de perfumaria ou de toucador preparados [Port. 16-R/2019 seg. IX item 18; NCM 3307.90.00]";35;;;17;
2801900;;"Outras preparações cosméticas [Port. 16-R/2019 seg. IX item 19; NCM 3307.90.00]";35;;;17;
2802000;;"Sabões de toucador, em barras, pedaços ou figuras moldadas [Port. 16-R/2019 seg. IX item 20; NCM 3401.11.90]";35;;;17;
2802100;;"Outros sabões, produtos e preparações orgânicos tensoativos... [Port. 16-R/2019 seg. IX item 21; NCM 3401.19.00]";35;;;17;
2802200;;"Sabões de toucador sob outras formas [Port. 16-R/2019 seg. IX item 22; NCM 3401.20.10]";35;;;17;
2802300;;"Produtos e preparações orgânicos tensoativos para lavagem da pele, líquido ou creme [Port. 16-R/2019 seg. IX item 23; NCM 3401.30.00]";35;;;17;
2802400;;"Lenços de papel, incluindo os de desmaquiar [Port. 16-R/2019 seg. IX item 24; NCM 4818.20.00]";35;;;17;
2802500;;"Apontadores de lápis para maquiagem [Port. 16-R/2019 seg. IX item 25; NCM 8214.10.00]";35;;;17;
2802600;;"Utensílios e sortidos de utensílios de manicuros ou de pedicuros [Port. 16-R/2019 seg. IX item 26; NCM 8214.20.00]";35;;;17;
2802700;;"Escovas e pincéis de barba, escovas para cabelos, cílios ou unhas e outras escovas de toucador [Port. 16-R/2019 seg. IX item 27; NCM 9603.29.00]";35;;;17;
2802800;;"Pincéis para aplicação de produtos cosméticos [Port. 16-R/2019 seg. IX item 28; NCM 9603.30.00]";35;;;17;
2802900;;"Vaporizadores de toucador, suas armações e cabeças de armações [Port. 16-R/2019 seg. IX item 29; NCM 9616.10.00]";35;;;17;
2803000;;"Borlas ou esponjas para pós ou para aplicação de cosméticos [Port. 16-R/2019 seg. IX item 30; NCM 9616.20.00]";35;;;17;
2803100;;"Malas e maletas de toucador [Port. 16-R/2019 seg. IX item 31; NCM 4202.1]";35;;;17;
2803200;;"Pentes, travessas para cabelo, grampos, pinças, bobs e artefatos para penteados [Port. 16-R/2019 seg. IX item 32; NCM 9615]";35;;;17;
2803300;;"Mamadeiras [Port. 16-R/2019 seg. IX item 33; NCM 3923.30.00 3924.90.00 3924.10.00 4014.90.90 7010.20.00]";35;;;17;
2803400;;"Chupetas e bicos para mamadeiras e para chupetas [Port. 16-R/2019 seg. IX item 34; NCM 4014.90.90]";35;;;17;
2803500;;"Outros produtos cosméticos e de higiene pessoal não relacionados acima [Port. 16-R/2019 seg. IX item 35; NCM Capítulos 33 e 34 da TIPI]";35;;;17;
2803600;;"Outros artigos destinados a cuidados pessoais não relacionados acima [Port. 16-R/2019 seg. IX item 36; NCM Capítulos 44, 64, 65, 82, 90 e 96 da TIPI]";35;;;17;
2803700;;"Acessórios e embalagens presenteáveis [Port. 16-R/2019 seg. IX item 37; NCM Capítulos 39, 42, 48, 71, 83, 90 e 91 da TIPI]";35;;;17;
2803800;;"Vestuário e seus acessórios; calçados, polainas e artefatos semelhantes [Port. 16-R/2019 seg. IX item 38; NCM Capítulos 61, 62 e 64 da TIPI]";35;;;17;
2803900;;"Outros artigos de vestuário em geral [Port. 16-R/2019 seg. IX item 39; NCM Capítulos 42, 52, 55, 58, 63 e 65 da TIPI]";35;;;17;
2804000;;"Artigos de casa [Port. 16-R/2019 seg. IX item 40; NCM Diversos capítulos da TIPI]";35;;;17;
2804100;;"Produtos das indústrias alimentares e bebidas [Port. 16-R/2019 seg. IX item 41; NCM Capítulos 13 e 15 a 23 da TIPI]";35;;;17;
2804200;;"Produtos destinados à higiene bucal [Port. 16-R/2019 seg. IX item 42; NCM Capítulo 33 da TIPI]";35;;;17;
2804300;;"Produtos de limpeza e conservação doméstica [Port. 16-R/2019 seg. IX item 43; NCM Diversos capítulos da TIPI]";35;;;17;
2804400;;Outros produtos comercializados pelo sistema de marketing direto porta a porta [Port. 16-R/2019 seg. IX item 44];35;;;17;
1300100;;"Medicamentos de referência – Lista positiva [Port. 16-R/2019 seg. X item 1; NCM 3003 3004]";38,24;;;17;
1300101;;"Medicamentos de referência – Lista negativa [Port. 16-R/2019 seg. X item 2; NCM 3003 3004]";33,05;;;17;
1300102;;"Medicamentos de referência – Lista neutra [Port. 16-R/2019 seg. X item 3; NCM 3003 3004]";41,34;;;17;
1300200;;"Medicamentos genéricos – Lista positiva [Port. 16-R/2019 seg. X item 4; NCM 3003 3004]";38,24;;;17;
1300201;;"Medicamentos genéricos – Lista negativa [Port. 16-R/2019 seg. X item 5; NCM 3003 3004]";33,05;;;17;
1300202;;"Medicamentos genéricos – Lista neutra [Port. 16-R/2019 seg. X item 6; NCM 3003 3004]";41,34;;;17;
1300300;;"Medicamentos similares – Lista positiva [Port. 16-R/2019 seg. X item 7; NCM 3003 3004]";38,24;;;17;
1300301;;"Medicamentos similares – Lista negativa [Port. 16-R/2019 seg. X item 8; NCM 3003 3004]";33,05;;;17;
1300302;;"Medicamentos similares – Lista neutra [Port. 16-R/2019 seg. X item 9; NCM 3003 3004]";41,34;;;17;
1300400;;"Outros tipos de medicamentos – Lista positiva [Port. 16-R/2019 seg. X item 10; NCM 3003 3004]";38,24;;;17;
1300401;;"Outros tipos de medicamentos – Lista negativa [Port. 16-R/2019 seg. X item 11; NCM 3003 3004]";33,05;;;17;
1300402;;"Outros tipos de medicamentos – Lista neutra [Port. 16-R/2019 seg. X item 12; NCM 3003 3004]";41,34;;;17;
1300500;;"Preparações químicas contraceptivas – Lista positiva [Port. 16-R/2019 seg. X item 13; NCM 3006.60.00]";38,24;;;17;
1300501;;"Preparações químicas contraceptivas – Lista negativa [Port. 16-R/2019 seg. X item 14; NCM 3006.60.00]";33,05;;;17;
1300600;;"Provitaminas e vitaminas – Lista neutra [Port. 16-R/2019 seg. X item 15; NCM 2936]";41,34;;;17;
1300700;;"Preparações opacificantes e reagentes de diagnóstico – Lista positiva (Conv. 76/94) [Port. 16-R/2019 seg. X item 16; NCM 3006.30]";38,24;;;17;
1300701;;"Preparações opacificantes e reagentes de diagnóstico – Lista negativa (Conv. 76/94) [Port. 16-R/2019 seg. X item 17; NCM 3006.30]";33,05;;;17;
1300800;;"Antissoro e produtos imunológicos – Lista positiva [Port. 16-R/2019 seg. X item 18; NCM 3002]";38,24;;;17;
1300801;;"Antissoro e produtos imunológicos – Lista negativa [Port. 16-R/2019 seg. X item 19; NCM 3002]";33,05;;;17;
1300900;;"Vacinas e produtos semelhantes – Lista positiva [Port. 16-R/2019 seg. X item 20; NCM 3002]";38,24;;;17;
1300901;;"Vacinas e produtos semelhantes – Lista negativa [Port. 16-R/2019 seg. X item 21; NCM 3002]";33,05;;;17;
1301000;;"Algodão, atadura, esparadrapo, gazes etc. impregnados de substâncias farmacêuticas – Lista positiva [Port. 16-R/2019 seg. X item 22; NCM 3005]";38,24;;;17;
1301001;;"Algodão, atadura, esparadrapo, gazes etc. impregnados de substâncias farmacêuticas – Lista negativa [Port. 16-R/2019 seg. X item 23; NCM 3005]";33,05;;;17;
1301100;;"Algodão, atadura, esparadrapo, gazes etc. não impregnados – Lista negativa [Port. 16-R/2019 seg. X item 24; NCM 3005.10.90]";33,05;;;17;
1301101;;"Algodão, atadura, esparadrapo, gazes etc. não impregnados, para venda a retalho – Lista negativa [Port. 16-R/2019 seg. X item 25; NCM 3005.10.90]";33,05;;;17;
1301200;;"Luvas cirúrgicas e luvas de procedimento – Lista neutra (somente operações com SP – Protocolo 25/09) [Port. 16-R/2019 seg. X item 26; NCM 4015.11.00 4015.19.00]";41,34;;;17;
1301300;;"Preservativo – Lista neutra [Port. 16-R/2019 seg. X item 27; NCM 4014.10.00]";41,34;;;17;
1301400;;"Seringas, mesmo com agulhas – Lista neutra [Port. 16-R/2019 seg. X item 28; NCM 9018.31]";41,34;;;17;
1301500;;"Agulhas para seringas – Lista neutra [Port. 16-R/2019 seg. X item 29; NCM 9018.32.1]";41,34;;;17;
1301600;;"Contraceptivos (DIU) – Lista neutra [Port. 16-R/2019 seg. X item 30; NCM 3926.90.90 9018.90.99]";41,34;;;17;
2006300;;"Mamadeiras (Conv. 76/94) – Lista neutra [Port. 16-R/2019 seg. X item 31; NCM 3923.30.00 3924.90.00 3924.10.00 4014.90.90 7010.20.00]";41,34;;;17;
2003900;;"Chupetas e bicos de borracha (Conv. 76/94) – Lista neutra [Port. 16-R/2019 seg. X item 32; NCM 4014.90.90]";41,34;;;17;
2004000;;"Chupetas e bicos de silicone (Conv. 76/94) – Lista neutra [Port. 16-R/2019 seg. X item 33; NCM 3924.90.00 3926.90.40 3926.90.90]";41,34;;;17;
2004900;;"Tampões higiênicos e absorventes higiênicos externos (Conv. 76/94) – Lista neutra [Port. 16-R/2019 seg. X item 34; NCM 9619.00.00]";41,34;;;17;
2005000;;"Tampões higiênicos e absorventes higiênicos externos (Conv. 76/94) – Lista neutra [Port. 16-R/2019 seg. X item 34; NCM 9619.00.00]";41,34;;;17;
2002300;;"Dentifrícios (Conv. 76/94) – Lista neutra [Port. 16-R/2019 seg. X item 35; NCM 3306.10.00]";41,34;;;17;
2005800;;"Escovas de dentes (Conv. 76/94) – Lista negativa [Port. 16-R/2019 seg. X item 36; NCM 9603.21.00]";33,05;;;17;
2002400;;"Fios dentais (Conv. 76/94) – Lista neutra [Port. 16-R/2019 seg. X item 37; NCM 3306.20.00]";41,34;;;17;
2002500;;"Outras preparações para higiene bucal ou dentária (Conv. 76/94) – Lista neutra [Port. 16-R/2019 seg. X item 38; NCM 3306.90.00]";41,34;;;17;
2004800;;"Fraldas (Conv. 76/94) – Lista neutra [Port. 16-R/2019 seg. X item 39; NCM 9619.00.00]";41,34;;;17;
2300100;;"Sorvetes de qualquer espécie [Port. 16-R/2019 seg. XI item 1; NCM 2105.00]";70;;;17;
2300200;;"Preparados para fabricação de sorvetes em máquina [Port. 16-R/2019 seg. XI item 2; NCM 1806 1901 2106]";328;;;17;
1600100;;"Pneus novos, dos tipos utilizados em automóveis de passageiros [Port. 16-R/2019 seg. XII item 1; NCM 4011.10.00]";42;;;17;
1600200;;"Pneus novos, dos tipos utilizados em caminhões [Port. 16-R/2019 seg. XII item 2; NCM 4011]";32;;;17;
1600300;;"Pneus novos para motocicletas [Port. 16-R/2019 seg. XII item 3; NCM 4011.40.00]";60;;;17;
1600400;;"Outros tipos de pneus novos, exceto para bicicletas [Port. 16-R/2019 seg. XII item 4; NCM 4011]";45;;;17;
2400100;;"Tintas e vernizes [Port. 16-R/2019 seg. XIII item 1; NCM 3208 3209 3210.00]";35;;;17;
2400200;;"Xadrez e pós assemelhados [Port. 16-R/2019 seg. XIII item 2; NCM 2821 3204.17.00 3206]";35;;;17;
1000400;;"Silicones em formas primárias, para uso na construção [Port. 16-R/2019 seg. XIII item 3; NCM 3910.00]";35;;;17;
2600100;;"Motocicletas e ciclos equipados com motor auxiliar [Port. 16-R/2019 seg. XIV item 22; NCM 8711]";34;;;17;
2006400;;"Aparelhos e lâminas de barbear [Port. 16-R/2019 seg. XV item 1; NCM 8212.10.20 8212.20.10]";30;;;17;
0900100;;"Lâmpadas elétricas [Port. 16-R/2019 seg. XVI item 1; NCM 8539]";60,03;;;17;
0900200;;"Lâmpadas eletrônicas [Port. 16-R/2019 seg. XVI item 2; NCM 8540]";102,31;;;17;
0900300;;"Reatores para lâmpadas ou tubos de descargas [Port. 16-R/2019 seg. XVI item 3; NCM 8504.10.00]";53,13;;;17;
0900400;;"Starter [Port. 16-R/2019 seg. XVI item 4; NCM 8536.50]";102,31;;;17;
0900500;;"Lâmpadas de LED [Port. 16-R/2019 seg. XVI item 5; NCM 8543.70.99]";63,67;;;17;
2200100;;"Ração tipo ""pet"" para animais domésticos [Port. 16-R/2019 seg. XVII item 1; NCM 2309]";46;;;17;
2105300;;"Telefones para redes celulares [Port. 16-R/2019 seg. XVIII item 1; NCM 8517.12.3]";0;;;17;
2105400;;"Outros telefones para outras redes sem fio [Port. 16-R/2019 seg. XVIII item 2; NCM 8517.12]";0;;;17;
2106300;;"Cartões inteligentes (""smart cards"") [Port. 16-R/2019 seg. XVIII item 3; NCM 8523.52.00]";0;;;17;
2106400;;"Cartões inteligentes (""sim cards"") [Port. 16-R/2019 seg. XVIII item 4; NCM 8523.52.00]";0;;;17;
1100100;;"Água sanitária, branqueador e outros alvejantes [Port. 16-R/2019 seg. XX item 1; NCM 2828.90.11 2828.90.19 3206.41.00 3808.94.19]";70;;;17;
1100200;;"Sabões em pó, flocos, palhetas, grânulos para lavar roupas [Port. 16-R/2019 seg. XX item 2; NCM 3401.20.90]";40,88;;;17;
1100300;;"Sabões líquidos para lavar roupas [Port. 16-R/2019 seg. XX item 3; NCM 3401.20.90]";40,88;;;17;
1100400;;"Detergentes em pó, flocos, palhetas, grânulos [Port. 16-R/2019 seg. XX item 4; NCM 3402.20.00]";40,88;;;17;
1100500;;"Detergentes líquidos, exceto para lavar roupa [Port. 16-R/2019 seg. XX item 5; NCM 3402.20.00]";40,88;;;17;
1100600;;"Detergentes líquidos para lavar roupa [Port. 16-R/2019 seg. XX item 6; NCM 3402.20.00]";40,88;;;17;
1100700;;"Outros agentes orgânicos de superfície e preparações para limpeza, até 50 litros ou 50 kg [Port. 16-R/2019 seg. XX item 7; NCM 3402]";40,88;;;17;
1100800;;"Amaciante/suavizante [Port. 16-R/2019 seg. XX item 8; NCM 3809.91.90]";27;;;17;
1100900;;"Esponjas para limpeza [Port. 16-R/2019 seg. XX item 9; NCM 3924.10.00 3924.90.00 6805.30.10 6805.30.90]";59;;;17;
1101000;;"Álcool etílico para limpeza [Port. 16-R/2019 seg. XX item 10; NCM 2207 2208.90.00]";31;;;17;
1500400;;"Sacos de lixo de conteúdo igual ou inferior a 100 litros [Port. 16-R/2019 seg. XX item 11; NCM 3923.2]";49;;;17;
1101100;;"Esponjas e palhas de aço de uso doméstico [Port. 16-R/2019 seg. XX item 12; NCM 7323.10.00]";35;;;17;
1000200;;"Argamassas [Port. 16-R/2019 seg. XXI item 1; NCM 3816.00.1 3824.50.00]";37;;;17;
1000300;;"Outras argamassas [Port. 16-R/2019 seg. XXI item 2; NCM 3214.90.00]";37;;;17;
1000500;;"Revestimentos de PVC e outros plásticos; forro, sancas e afins de PVC [Port. 16-R/2019 seg. XXI item 3; NCM 3916]";44;;;17;
1000600;;"Tubos e seus acessórios, de plásticos, para uso na construção [Port. 16-R/2019 seg. XXI item 4; NCM 3917]";33;;;17;
1000700;;"Revestimento de pavimento de PVC e outros plásticos [Port. 16-R/2019 seg. XXI item 5; NCM 3918]";38;;;17;
1000800;;"Chapas, folhas, tiras, fitas, películas autoadesivas de plásticos, para construção [Port. 16-R/2019 seg. XXI item 6; NCM 3919]";39;;;17;
1000900;;"Veda rosca, lona plástica para construção, fitas isolantes e afins [Port. 16-R/2019 seg. XXI item 7; NCM 3919 3920 3921]";28;;;17;
1001000;;"Telha de plástico [Port. 16-R/2019 seg. XXI item 8; NCM 3921]";42;;;17;
1001100;;"Cumeeira de plástico [Port. 16-R/2019 seg. XXI item 9; NCM 3921]";42;;;17;
1001200;;"Chapas, laminados plásticos em bobina, para construção [Port. 16-R/2019 seg. XXI item 10; NCM 3921]";42;;;17;
1002300;;"Telha, cumeeira e caixa d'água de fibrocimento, cimento-celulose [Port. 16-R/2019 seg. XXI item 11; NCM 6811]";30;;;17;
1002400;;"Caixas d'água, tanques, reservatórios, telhas, calhas de fibrocimento e semelhantes [Port. 16-R/2019 seg. XXI item 12; NCM 6811]";30;;;17;
1001500;;"Caixa d'água de plástico [Port. 16-R/2019 seg. XXI item 13; NCM 3925.10.00]";30;;;17;
1001600;;"Outras telhas, cumeeira e caixa d'água de plástico [Port. 16-R/2019 seg. XXI item 14; NCM 3925.90]";30;;;17;
1001300;;"Banheiras, boxes, pias, lavatórios, sanitários e artigos semelhantes de plásticos [Port. 16-R/2019 seg. XXI item 15; NCM 3922]";41;;;17;
1001400;;"Artefatos de higiene/toucador de plástico, para uso na construção [Port. 16-R/2019 seg. XXI item 16; NCM 3924]";52;;;17;
1001800;;"Portas, janelas e seus caixilhos, alisares e soleiras (plástico) [Port. 16-R/2019 seg. XXI item 17; NCM 3925.20.00]";37;;;17;
1001900;;"Postigos, estores (incluídas as venezianas) e artefatos semelhantes [Port. 16-R/2019 seg. XXI item 18; NCM 3925.30.00]";48;;;17;
1002000;;"Outras obras de plástico, para uso na construção [Port. 16-R/2019 seg. XXI item 19; NCM 3926.90]";36;;;17;
1002100;;"Papel de parede e revestimentos de parede semelhantes; papel para vitrais [Port. 16-R/2019 seg. XXI item 20; NCM 4814]";51;;;17;
1002200;;"Telhas de concreto [Port. 16-R/2019 seg. XXI item 21; NCM 6810.19.00]";33;;;17;
1003000;;"Ladrilhos e placas de cerâmica, para pavimentação ou revestimento [Port. 16-R/2019 seg. XXI item 22; NCM 6907 6908]";39;;;17;
1003001;;"Cubos, pastilhas e artigos semelhantes de cerâmica [Port. 16-R/2019 seg. XXI item 23; NCM 6907 6908]";39;;;17;
1003100;;"Pias, lavatórios, banheiras, sanitários e aparelhos semelhantes de cerâmica [Port. 16-R/2019 seg. XXI item 24; NCM 6910]";40;;;17;
1003200;;"Artefatos de higiene/toucador de cerâmica [Port. 16-R/2019 seg. XXI item 25; NCM 6912.00.00]";54;;;17;
1003300;;"Vidro vazado ou laminado, em chapas, folhas ou perfis [Port. 16-R/2019 seg. XXI item 26; NCM 7003]";39;;;17;
1003400;;"Vidro estirado ou soprado, em folhas [Port. 16-R/2019 seg. XXI item 27; NCM 7004]";69,43;;;17;
1003500;;"Vidro flotado e vidro desbastado ou polido [Port. 16-R/2019 seg. XXI item 28; NCM 7005]";39;;;17;
1003600;;"Vidros temperados [Port. 16-R/2019 seg. XXI item 29; NCM 7007.19.00]";36;;;17;
1003700;;"Vidros laminados [Port. 16-R/2019 seg. XXI item 30; NCM 7007.29.00]";39;;;17;
1003800;;"Vidros isolantes de paredes múltiplas [Port. 16-R/2019 seg. XXI item 31; NCM 7008]";50;;;17;
2700100;;"Espelhos de vidro, exceto os de uso automotivo [Port. 16-R/2019 seg. XXI item 32; NCM 7009]";37;;;17;
1003900;;"Blocos, placas, tijolos, ladrilhos, telhas de vidro prensado ou moldado [Port. 16-R/2019 seg. XXI item 33; NCM 7016]";61,2;;;17;
1004200;;"Vergalhões [Port. 16-R/2019 seg. XXI item 34; NCM 7214.20.00]";33;;;17;
1004300;;"Outros vergalhões [Port. 16-R/2019 seg. XXI item 35; NCM 7213 7308.90.10]";33;;;17;
1004000;;"Barras próprias para construções, exceto vergalhões [Port. 16-R/2019 seg. XXI item 36; NCM 7214.20.00]";40;;;17;
1004100;;"Outras barras próprias para construções, exceto vergalhões [Port. 16-R/2019 seg. XXI item 37; NCM 7308.90.10]";40;;;17;
1004400;;"Fios de ferro ou aço não ligados; cordas, cabos, tranças e artefatos semelhantes [Port. 16-R/2019 seg. XXI item 38; NCM 7217.10.90 7312]";42;;;17;
1004500;;"Outros fios de ferro ou aço, não ligados, galvanizados [Port. 16-R/2019 seg. XXI item 39; NCM 7217.20]";40;;;17;
1004600;;"Acessórios para tubos de ferro fundido, ferro ou aço [Port. 16-R/2019 seg. XXI item 40; NCM 7307]";33;;;17;
1004700;;"Portas e janelas de ferro fundido, ferro ou aço [Port. 16-R/2019 seg. XXI item 41; NCM 7308.30.00]";34;;;17;
1004800;;"Material para andaimes e escoramentos de ferro ou aço [Port. 16-R/2019 seg. XXI item 42; NCM 7308.40.00 7308.90]";39;;;17;
1005100;;"Caixas diversas de ferro ou aço, próprias para a construção [Port. 16-R/2019 seg. XXI item 43; NCM 7310]";59;;;17;
1005200;;"Arame farpado e arames para cercas [Port. 16-R/2019 seg. XXI item 44; NCM 7313.00.00]";42;;;17;
1005300;;"Telas metálicas, grades e redes, de fios de ferro ou aço [Port. 16-R/2019 seg. XXI item 45; NCM 7314]";33;;;17;
1005400;;"Correntes de rolos, de ferro fundido, ferro ou aço [Port. 16-R/2019 seg. XXI item 46; NCM 7315.11.00]";69,43;;;17;
1005500;;"Outras correntes de elos articulados [Port. 16-R/2019 seg. XXI item 47; NCM 7315.12.90]";69,93;;;17;
1005600;;"Correntes de elos soldados [Port. 16-R/2019 seg. XXI item 48; NCM 7315.82.00]";42;;;17;
1005700;;"Tachas, pregos, percevejos, grampos e artefatos semelhantes de ferro ou aço [Port. 16-R/2019 seg. XXI item 49; NCM 7317.00]";41;;;17;
0100100;;Autopeças – item 1 [Port. 16-R/2019 seg. XIX item 1];36,56;;;17;
0100200;;Autopeças – item 2 [Port. 16-R/2019 seg. XIX item 2];36,56;;;17;
0100300;;Autopeças – item 3 [Port. 16-R/2019 seg. XIX item 3];36,56;;;17;
0100400;;Autopeças – item 4 [Port. 16-R/2019 seg. XIX item 4];36,56;;;17;
0100500;;Autopeças – item 5 [Port. 16-R/2019 seg. XIX item 5];36,56;;;17;
0100600;;Autopeças – item 6 [Port. 16-R/2019 seg. XIX item 6];36,56;;;17;
0100700;;Autopeças – item 7 [Port. 16-R/2019 seg. XIX item 7];36,56;;;17;
0100800;;Autopeças – item 8 [Port. 16-R/2019 seg. XIX item 8];36,56;;;17;
0100900;;Autopeças – item 9 [Port. 16-R/2019 seg. XIX item 9];36,56;;;17;
0101000;;Autopeças – item 10 [Port. 16-R/2019 seg. XIX item 10];36,56;;;17;
0101100;;Autopeças – item 11 [Port. 16-R/2019 seg. XIX item 11];36,56;;;17;
0101200;;Autopeças – item 12 [Port. 16-R/2019 seg. XIX item 12];36,56;;;17;
0101300;;Autopeças – item 13 [Port. 16-R/2019 seg. XIX item 13];36,56;;;17;
0101400;;Autopeças – item 14 [Port. 16-R/2019 seg. XIX item 14];36,56;;;17;
0101500;;Autopeças – item 15 [Port. 16-R/2019 seg. XIX item 15];36,56;;;17;
0101600;;Autopeças – item 16 [Port. 16-R/2019 seg. XIX item 16];36,56;;;17;
0101700;;Autopeças – item 17 [Port. 16-R/2019 seg. XIX item 17];36,56;;;17;
0101800;;Autopeças – item 18 [Port. 16-R/2019 seg. XIX item 18];36,56;;;17;
0101900;;Autopeças – item 19 [Port. 16-R/2019 seg. XIX item 19];36,56;;;17;
0102000;;Autopeças – item 20 [Port. 16-R/2019 seg. XIX item 20];36,56;;;17;
0102100;;Autopeças – item 21 [Port. 16-R/2019 seg. XIX item 21];36,56;;;17;
0102200;;Autopeças – item 22 [Port. 16-R/2019 seg. XIX item 22];36,56;;;17;
0102300;;Autopeças – item 23 [Port. 16-R/2019 seg. XIX item 23];36,56;;;17;
0102400;;Autopeças – item 24 [Port. 16-R/2019 seg. XIX item 24];36,56;;;17;
0102500;;Autopeças – item 25 [Port. 16-R/2019 seg. XIX item 25];36,56;;;17;
0102600;;Autopeças – item 26 [Port. 16-R/2019 seg. XIX item 26];36,56;;;17;
0102700;;Autopeças – item 27 [Port. 16-R/2019 seg. XIX item 27];36,56;;;17;
0102800;;Autopeças – item 28 [Port. 16-R/2019 seg. XIX item 28];36,56;;;17;
0102900;;Autopeças – item 29 [Port. 16-R/2019 seg. XIX item 29];36,56;;;17;
0103000;;Autopeças – item 30 [Port. 16-R/2019 seg. XIX item 30];36,56;;;17;
0103100;;Autopeças – item 31 [Port. 16-R/2019 seg. XIX item 31];36,56;;;17;
0103200;;Autopeças – item 32 [Port. 16-R/2019 seg. XIX item 32];36,56;;;17;
0103300;;Autopeças – item 33 [Port. 16-R/2019 seg. XIX item 33];36,56;;;17;
0103400;;Autopeças – item 34 [Port. 16-R/2019 seg. XIX item 34];36,56;;;17;
0103500;;Autopeças – item 35 [Port. 16-R/2019 seg. XIX item 35];36,56;;;17;
0103600;;Autopeças – item 36 [Port. 16-R/2019 seg. XIX item 36];36,56;;;17;
0103700;;Autopeças – item 37 [Port. 16-R/2019 seg. XIX item 37];36,56;;;17;
0103800;;Autopeças – item 38 [Port. 16-R/2019 seg. XIX item 38];36,56;;;17;
0103900;;Autopeças – item 39 [Port. 16-R/2019 seg. XIX item 39];36,56;;;17;
0104000;;Autopeças – item 40 [Port. 16-R/2019 seg. XIX item 40];36,56;;;17;
0104100;;Autopeças – item 41 [Port. 16-R/2019 seg. XIX item 41];36,56;;;17;
0104200;;Autopeças – item 42 [Port. 16-R/2019 seg. XIX item 42];36,56;;;17;
0104300;;Autopeças – item 43 [Port. 16-R/2019 seg. XIX item 43];36,56;;;17;
0104400;;Autopeças – item 44 [Port. 16-R/2019 seg. XIX item 44];36,56;;;17;
0104500;;Autopeças – item 45 [Port. 16-R/2019 seg. XIX item 45];36,56;;;17;
0104600;;Autopeças – item 46 [Port. 16-R/2019 seg. XIX item 46];36,56;;;17;
0104700;;Autopeças – item 47 [Port. 16-R/2019 seg. XIX item 47];36,56;;;17;
0104800;;Autopeças – item 48 [Port. 16-R/2019 seg. XIX item 48];36,56;;;17;
0104900;;Autopeças – item 49 [Port. 16-R/2019 seg. XIX item 49];36,56;;;17;
0105000;;Autopeças – item 50 [Port. 16-R/2019 seg. XIX item 50];36,56;;;17;
0105100;;Autopeças – item 51 [Port. 16-R/2019 seg. XIX item 51];36,56;;;17;
0105200;;Autopeças – item 52 [Port. 16-R/2019 seg. XIX item 52];36,56;;;17;
0105300;;Autopeças – item 53 [Port. 16-R/2019 seg. XIX item 53];36,56;;;17;
0105400;;Autopeças – item 54 [Port. 16-R/2019 seg. XIX item 54];36,56;;;17;
0105500;;Autopeças – item 55 [Port. 16-R/2019 seg. XIX item 55];36,56;;;17;
0105600;;Autopeças – item 56 [Port. 16-R/2019 seg. XIX item 56];36,56;;;17;
0105700;;Autopeças – item 57 [Port. 16-R/2019 seg. XIX item 57];36,56;;;17;
0105800;;Autopeças – item 58 [Port. 16-R/2019 seg. XIX item 58];36,56;;;17;
0105900;;Autopeças – item 59 [Port. 16-R/2019 seg. XIX item 59];36,56;;;17;
0106000;;Autopeças – item 60 [Port. 16-R/2019 seg. XIX item 60];36,56;;;17;
0106100;;Autopeças – item 61 [Port. 16-R/2019 seg. XIX item 61];36,56;;;17;
0106200;;Autopeças – item 62 [Port. 16-R/2019 seg. XIX item 62];36,56;;;17;
0106300;;Autopeças – item 63 [Port. 16-R/2019 seg. XIX item 63];36,56;;;17;
0106400;;Autopeças – item 64 [Port. 16-R/2019 seg. XIX item 64];36,56;;;17;
0106500;;Autopeças – item 65 [Port. 16-R/2019 seg. XIX item 65];36,56;;;17;
0112900;;Autopeças – item 129 [Port. 16-R/2019 seg. XIX item 129];36,56;;;17;
